{"Keyword":{"0":"politik, cari, kalau, jadi, perang, islam, laku, umat, tanah, balik","1":"politik, milik, bukan, seni, kerja, putus, mampu, industri, negara, terorisme","2":"politik, cari, kalau, tukar, ideologi, pasang, level, in, sembang, ajak","3":"politik, jadi, baru, ketua, omong, jg, udh, sbg, blm, lembaga","4":"cari, kalau, ajak, pasang, all, sembang, ideologi, level, in, topik","5":"politik, bukan, partai, milu, orang, tuju, ga, tunda, sama, tebar","6":"cari, kalau, politik, pasang, sembang, ideologi, in, tukar, topik, ajak","7":"politik, cari, in, ideologi, kalau, level, pasang, sembang, tukar, ajak","8":"politik, cari, kalau, tukar, sembang, ajak, level, all, ideologi, topik","9":"politik, buat, bumn, jadi, si, utk, jgn, sehat, pd, main","10":"politik, punya, partai, apa, tahun, amerika, ilmu, rakyat, pesimis, jadi","11":"politik, jadi, rusia, paling, tahun, pimpin, mau, semua, si, agama","12":"politik, bela, jilat, catat, khianat, dusta, keliling, sanjung, kata, mau","13":"n, gera, dukung, klo, kuat, besar, moga, makin, byk, patut","14":"atas, kalau, nu, betul, asal, tdk, penting, dukung, gera, bener2","15":"politik, indonesia, cari, buat, kalau, jadi, bagai, mau, ni, baik","16":"uefa, krn, langgar, atur, tdk, bawa2, denda, celtic, th, kibar","17":"cari, kalau, tukar, ajak, sembang, in, ideologi, pasang, level, all","18":"politik, usul, cak, imin, konyol, ismail, zulhas, milu, ni, buat","19":"politik, tunda, milu, tak, rakyat, elite, alas, hak, rampas, kalau","20":"ni, besi, politik, milu, bila, indonesia, tunda, awal, macam, kuat","21":"politik, partai, kata, negara, cari, buat, jadi, kalau, sepakbola, main","22":"politik, sepakbola, pkb, sama, tak, kab, bawa, ga, rusia, pernah","23":"politik, ni, kuasa, tak, dah, nak, orang, kan, la, sekarang","24":"erick, menteri, jokowi, thohir, satu, muda, bumn, politik, nu, rakyat","25":"cari, kalau, ajak, sembang, in, all, tukar, topik, level, pasang","26":"politik, baru, rakyat, johor, nak, dah, lebih, jadi, aku, indonesia","27":"politik, agama, tipu, daya, guna, ajar, bukan, juang, selamat, rakyat","28":"cari, kalau, ajak, in, ideologi, all, topik, tukar, pasang, level","29":"buat, kata, makin, tinggi, sbb, bagai, kes, of, sop, uni","30":"politik, lebih, tak, kotor, masyarakat, parah, just, cari, ajak, pak","31":"partai, tunda, pbnu, lebih, jadi, pilih, milu, hasil, besar, harap","32":"politik, jabat, presiden, panjang, masa, partai, jumlah, usul, pimpin, tahun","33":"politik, milu, tunda, ketua, masuk, akal, pbnu, sayang, presiden, jadi","34":"milu, ikut, alas, tunda, barat, takut, pertama, aman, pki, iri"},"IdTopik":{"0":0.0,"1":1.0,"2":2.0,"3":3.0,"4":4.0,"5":5.0,"6":6.0,"7":7.0,"8":8.0,"9":9.0,"10":10.0,"11":11.0,"12":12.0,"13":13.0,"14":14.0,"15":15.0,"16":16.0,"17":17.0,"18":18.0,"19":19.0,"20":20.0,"21":21.0,"22":22.0,"23":23.0,"24":24.0,"25":25.0,"26":26.0,"27":27.0,"28":28.0,"29":29.0,"30":30.0,"31":31.0,"32":32.0,"33":33.0,"34":34.0}}